Year,Total investment (in billions of US dollars)
2019,0.83904001
2020,2.370557748
2021,5.320168577
2022,3.979916681
2023,28.599250897
2024,33.939227934
